Springfield,,,,,,,,,,,,
January 2012 - January 2019,,,,,,,,,,,,
Report Date: 02/23/2019 10:12 AM,,,,,,,,,,,,
Municipality,Establishment,License Number,VGT Count,Amount Played,Amount Won,Net Wager,Funds In,Funds Out,NTI,NTI Tax Rate (30%),State Share,Municipality Share
Springfield,"""ALWAYS AFTER 5"", INC.",140700460,5,9742030.63,9019256.33,722774.3,3096214,2373439.7,722774.3,216834.57,180695.54,36139.03
Springfield,2266 S. Sixth LLC,160702619,3,183787.47,170968.97,12818.5,66311,53492.5,12818.5,3845.75,3204.81,640.94
Springfield,"411 EAST, INCORPORATED",160702790,5,2966294.3,2740500.7,225793.6,797243,571449.4,225793.6,67738.89,56449.1,11289.79
Springfield,"Admiral P, Inc.",120711311,3,1283461.88,1157382.83,126079.05,453749,327669.9,126079.1,37824.21,31520.2,6304.01
Springfield,"AERIE NO. 437, FRATERNAL ORDER OF EAGLES, INC.",130806057,5,3920347.15,3572081.57,348265.58,1370971,1022705.42,348265.58,104480.61,87067.19,17413.42
Springfield,"Aerie No. 437, Fraternal Order Of Eagles, Inc.",170800451,5,559683.33,516230.24,43453.09,201497,158042.91,43454.09,13036.48,10863.74,2172.74
Springfield,"AJG Industries, Inc.",160700876,3,1453127.09,1323430.45,129696.64,592322,462625.21,129696.79,38909.81,32424.88,6484.93
Springfield,"ALAMO FOODS, INC.",120708006,5,13942263.59,12908852.71,1033410.88,4298442,3265031.12,1033410.88,310026.25,258355.28,51670.97
Springfield,"AMF Bowling Centers, Inc.",120707827,5,5086655.41,4696083.2,390572.21,1731648,1341075.69,390572.31,117173.98,97645,19528.98
Springfield,"ANCHOR BOAT CLUB OF SPRINGFIELD, ILL.",120710859,4,4989290.64,4587946.41,401344.23,1644391,1243046.77,401344.23,120404.5,100337.11,20067.39
Springfield,Aqua Sports Club ,120704622,3,934597.37,842923.42,91673.95,298361,206687.18,91673.82,27502.93,22919.1,4583.83
Springfield,Arlington's LLC,140700636,2,724661.02,653018.99,71642.03,277903,206260.92,71642.08,21493.28,17911.07,3582.21
Springfield,"Aztca Mexican Grill, LLC",140703329,5,2722162.53,2511830.04,210332.49,888890,678557.51,210332.49,63101.41,52584.53,10516.88
Springfield,"BANDO ENTERTAINMENT, LLC",140700606,3,165742.83,154745.1,10997.73,51474,40476.27,10997.73,3299.42,2749.5,549.92
Springfield,"BANDO ENTERTAINMENT, LLC",150701422,5,18882383.41,17487820.2,1394563.21,6180353,4785789.79,1394563.21,418371.26,348642.83,69728.43
Springfield,BAR OASIS INC.,130702233,3,21629.7,19635,1994.7,7280,5285.3,1994.7,598.41,498.68,99.73
Springfield,"Bella Restaurant Holdings, LLC",150700963,5,598914.85,544969.43,53945.42,196881,142935.58,53945.42,16183.83,13486.52,2697.31
Springfield,"BENANTI KING PIN LANES,L.L.C.",120706270,5,21356003.53,19585468.16,1770535.37,7020713,5250173.08,1770539.92,531164.73,442637.42,88527.31
Springfield,"Betty's Place, LLC",140700083,5,32539004.86,29840834.99,2698169.87,10202075,7503905.13,2698169.87,809454.15,674545.25,134908.9
Springfield,BIG SHOTS S&M INCORPORATED,160703254,5,2188331.77,2024973.19,163358.58,749267,585908.42,163358.58,49008.21,40840.21,8168
Springfield,"BLUE MARGARITA'S MEXICAN BAR AND GRILL, INC.",170702476,5,616374.09,567104.88,49269.21,231360,182090.79,49269.21,14781.08,12317.56,2463.52
Springfield,"Brandon 777, LLC",140704132,2,213940.42,194997.68,18942.74,84302,65359.12,18942.88,5683.03,4735.84,947.19
Springfield,"BRICKHOUSE DOWNTOWN, INC.",130701420,5,1712586.58,1551971.52,160615.06,596028,435412.79,160615.21,48185.6,40154.72,8030.88
Springfield,"BRICKHOUSE PARTNERS, LLC",130701417,5,17394577.65,15913296.61,1481281.04,5940533,4459251.91,1481281.09,444386.94,370322.51,74064.43
Springfield,Butternut Hut L.L.C.,120700235,5,36263230.42,33580642.4,2682588.02,10216551,7533962.98,2682588.02,804779.1,670649.31,134129.79
Springfield,Cafe Andiamo LLC,130702828,4,4523794.34,4161166.39,362627.95,1547751,1185123.05,362627.95,108790.39,90658.74,18131.65
Springfield,Canal Corporation,140701104,5,15391025.57,14014824.12,1376201.45,4729627,3353425.33,1376201.67,412862.98,344052.58,68810.4
Springfield,Canal Corporation,160702201,2,3007355.45,2761104.3,246251.15,1004539,758287.79,246251.21,73876.02,61563.35,12312.67
Springfield,Capitol Holdings LTD.,120708868,4,3351173.01,3043448.58,307724.43,1206423,898697.37,307725.63,92318.85,76932.44,15386.41
Springfield,"Capitol Show-Me's, Inc.",120711161,5,12922679.38,11933979.2,988700.18,4453516,3464815.12,988700.88,296613.2,247177.77,49435.43
Springfield,"Casa Real, Inc.",160701946,4,722388.95,663447.81,58941.14,284279,225337.86,58941.14,17682.58,14735.51,2947.07
Springfield,"CATE & JESS ENTERPRISES, LLC",130705160,3,287747.31,262839,24908.31,102369,77460.69,24908.31,7472.79,6227.34,1245.45
Springfield,"CDZ, Inc.",140701323,5,1857837.66,1684848.07,172989.59,561472,388482.41,172989.59,51897.74,43248.14,8649.6
Springfield,"CENTRAL POINTE, INC.",120711229,2,2242959.74,2075269.8,167689.94,1058744,891053.93,167690.07,50308.1,41923.42,8384.68
Springfield,"CENTRAL POINTE, INC.",140703890,3,1699559.72,1558490.54,141069.18,678168,537097.92,141070.08,42322.49,35268.75,7053.74
Springfield,Cheers Lounge Inc.,120709222,4,0,0,0,0,0,0,0,0,0
Springfield,"CHRISMAC OF ILLINOIS, LLC",120706066,5,1032891.07,933356.41,99534.66,371735,272200.34,99534.66,29860.98,24884.15,4976.83
Springfield,Chronister Oil Company,121006062,5,63232848.56,58497717.5,4735131.06,18663048,13927747.12,4735300.88,1420593.8,1183828.28,236765.52
Springfield,Chronister Oil Company,131001688,5,35775421.56,33029244.55,2746177.01,10486697,7740512.41,2746184.59,823858.2,686548.64,137309.56
Springfield,Chronister Oil Company,151001635,5,32190049.05,29707353.2,2482695.85,10228652,7745885.94,2482766.06,744831.67,620693.08,124138.59
Springfield,"COFFEY RESTAURANTS, INC.",150701571,5,6730118.44,6251592.72,478525.72,2282172,1803646.28,478525.72,143559.64,119633.05,23926.59
Springfield,Colonel Otis B. Duncan American Legion Post 809,120905895,5,13750438,12596670.98,1153767.02,4569408,3415640.83,1153767.17,346133.8,288444.93,57688.87
Springfield,Coonrod Inc.,120700319,5,3248654.3,2954615.23,294039.07,782751,488711.93,294039.07,88211.94,73509.97,14701.97
Springfield,Cousin Eddies Incorporated,120710677,5,31586480.18,29187690.62,2398789.56,9805927,7407022.21,2398904.79,719674.74,599729.02,119945.72
Springfield,"Coz's Pizza, Inc.",120706484,5,24113379.45,22309146.66,1804232.79,7351557,5547323.07,1804233.93,541272.88,451060.86,90212.02
Springfield,"Coz's Pizza, Inc.",160701026,5,4469080.56,4107594.44,361486.12,1480534,1119047.88,361486.12,108447.27,90372.76,18074.51
Springfield,"Craft Beer Bar, LLC",140702658,3,1442977.29,1307435.7,135541.59,519586,384044.41,135541.59,40663.38,33886.19,6777.19
Springfield,"D.H. Brown, Inc.",120706285,4,1648714.18,1515717.16,132997.02,620961,487963.12,132997.88,39900.51,33250.44,6650.07
Springfield,"DENKAR, Inc.",120706581,5,20104591.47,18538573.77,1566017.7,5737814,4171636.59,1566177.41,469856.14,391546.88,78309.26
Springfield,Dew Chilli Parlors of America LLC,180703020,5,503803.33,463977.49,39825.84,178222,138395.86,39826.14,11948.11,9956.75,1991.36
Springfield,"DEW CHILLI PARLORS OF AMERICA, LLC",140701342,3,2543624.41,2355389.74,188234.67,817076,628840.97,188235.03,56472.23,47060.24,9411.99
Springfield,"Dew Chilli Parlors of America, LLC No. 3",170703982,5,2649645.56,2437463.87,212181.69,916006,703824.23,212181.77,63655.16,53045.99,10609.17
Springfield,"Dew Chilli Parlors of America, LLC No. 4",180701240,5,1129863.42,1033624.76,96238.66,407410,311171.09,96238.91,28872.04,24060.04,4812
Springfield,Dick's Saloon Inc.,150700988,5,7160082.85,6619334.22,540748.63,2294388,1753639.35,540748.65,162226.34,135188.75,27037.59
Springfield,"DIP STIX, INC.",120706051,4,2965966.42,2744285.22,221681.2,777323,555641.8,221681.2,66504.57,55420.47,11084.1
Springfield,DIRTY SOUTH INC.,120709093,5,6109431.17,5587775.53,521655.64,2348011,1826353.14,521657.86,156500.06,130416.77,26083.29
Springfield,"DL KELLEY'S PROPERTIES, LLC",180702584,5,622601.24,575201.76,47399.48,207746,160346.52,47399.48,14219.94,11849.96,2369.98
Springfield,"DMI Enterprises, Ltd",130701650,3,247765.02,225881.3,21883.72,86644,64760.28,21883.72,6565.38,5471.15,1094.23
Springfield,"Dos Banditos, Inc.",120709293,3,689627.16,636318.36,53308.8,217614,164305.2,53308.8,15992.88,13327.42,2665.46
Springfield,DOWNTOWN DARREL'S INC.,150700709,2,91250.35,82629.64,8620.71,30333,21712.29,8620.71,2586.32,2155.27,431.05
Springfield,"Driftwood Special Servicing, LLC",150702506,5,3634510,3305117.59,329392.41,1273284.4,943891.99,329392.41,98818.79,82349.02,16469.77
Springfield,"DSB2, INC.",150704086,5,2604531.71,2391262.31,213269.4,896845,683575.6,213269.4,63981.43,53317.89,10663.54
Springfield,Dudes Saloon LLC,140700192,4,1279998.15,1165190.63,114807.52,378047,263239.43,114807.57,34442.96,28702.51,5740.45
Springfield,"DWAC, INC.",170704157,5,263132,245321.95,17810.05,90398,72587.9,17810.1,5343.25,4452.72,890.53
Springfield,Dynasty Asian Cuisine Inc.,150703892,5,8153471.4,7472803.81,680667.59,2691400,2010732.27,680667.73,204201.66,170168.12,34033.54
Springfield,"E.A. Dennis, Inc",120708331,3,2924328.04,2644090.62,280237.42,819439,539201.43,280237.57,84071.77,70059.82,14011.95
Springfield,ELENI FOODS 3 INC.,160703999,1,351706.49,319729.27,31977.22,130988,99010.78,31977.22,9593.44,7994.54,1598.9
Springfield,Engrained Brewing Company LLC,150702740,3,1141351.14,1032680.19,108670.95,445854,337183.05,108670.95,32602.13,27168.49,5433.64
Springfield,"EVANS RECREATION, LLC",140704357,5,6875372.82,6353661.73,521711.09,2196173,1674390.81,521782.19,156536.46,130447.07,26089.39
Springfield,"Fairview Restarante, LLC",150700174,3,550404.92,500661.92,49743,245169,195426,49743,14923.68,12436.42,2487.26
Springfield,"Finleysspringfield, LLC",170703121,5,1723348.21,1576146.45,147201.76,661864,514662.04,147201.96,44161.23,36801.04,7360.19
Springfield,"FP Barrelhead, LTD.",130705337,5,0,0,0,0,0,0,0,0,0
Springfield,Frank T. Westwood,120703788,5,2798559.22,2549878.19,248681.03,683328,434646.97,248681.03,74604.48,62170.41,12434.07
Springfield,Frank Westwood,140701112,5,2172391.3,1994225.36,178165.94,726542,548376.04,178165.96,53450.83,44542.37,8908.46
Springfield,"Frankie's Brewhaus, Inc.",160700434,5,2242291.3,2050039.53,192251.77,706612,514360.23,192251.77,57676.84,48064.08,9612.76
Springfield,"Franny's, Incorporated",120706340,5,36260125.25,33498961.31,2761163.94,12572948,9811420.92,2761527.08,828461.33,690384.55,138076.78
Springfield,"FULGENZI'S PIZZA & PASTA, INC.",120710239,5,4625617.07,4249855.65,375761.42,1678666,1302904.58,375761.42,112730.65,93942.27,18788.38
Springfield,"Galaxy Gaming, Inc",140702056,5,32693166.87,30058025.19,2635141.68,10896955,8261811.15,2635143.85,790545.88,658788.32,131757.56
Springfield,"GOLD DUST, LLC",140701072,5,39930107.8,36850178.77,3079929.03,14061811,10981831.14,3079979.86,923997.05,769997.63,153999.42
Springfield,Good Timer Inc.,120708634,5,10611656.84,9686864.13,924792.71,3656139,2731198.97,924940.03,277484.81,231237.41,46247.4
Springfield,"GOURMET FOOD PRODUCTION, INC.",160703596,4,48507.18,44793.25,3713.93,18858,15144.07,3713.93,1114.23,928.52,185.71
Springfield,"GRAHAM ENTERPRISES OF CENTRAL ILLINOIS, LLC",150702576,4,69148.01,64220.67,4927.34,26266,21338.66,4927.34,1478.47,1232.05,246.42
Springfield,GROOVY DUCK RESTAURANT INCORPORATED,160702299,4,184927.92,172963.9,11964.02,65347,53382.98,11964.02,3589.46,2991.2,598.26
Springfield,"GRUMPY'S CAFE & PUB, INC.",150703419,5,12459670.52,11528660.5,931010.02,3930460,2999415.46,931044.54,279315.18,232762.73,46552.45
Springfield,Hallie & Glenn Inc.,120706651,3,1983436.08,1828606.21,154829.87,661137,506306.84,154830.16,46450.06,38708.4,7741.66
Springfield,Harvey & Glenn Inc.,120706657,5,15758021.83,14480820.84,1277200.99,5413946,4136665.26,1277280.74,383187.03,319322.63,63864.4
Springfield,Heather J Wise,120707011,5,16863214.62,15415970.3,1447244.32,5573573,4126293.61,1447279.39,434186.49,361822.15,72364.34
Springfield,"HERITAGE DEVELOPMENT COMPANY OF ILLINOIS, INC.",160701566,1,453610.51,419956.19,33654.32,164556,130901.58,33654.42,10096.83,8414.02,1682.81
Springfield,Hibachi Grill and Supreme Buffet Inc.,120703795,5,20353249.27,18609507.09,1743742.18,6361128,4617246.51,1743881.49,523166.8,435972.42,87194.38
Springfield,"Hickory River Madigan, LLC",130704589,2,1304988.6,1185844.79,119143.81,451335,332191.19,119143.81,35743.93,29786.65,5957.28
Springfield,"HIDEOUT RESTAURANT, LLC",130706051,5,25091790.41,23088516.72,2003273.69,8371728,6368454.21,2003273.79,600985.08,500820.92,100164.16
Springfield,"Homespun Republic, LLC",120707911,3,87314.67,77283.25,10031.42,34049,24017.48,10031.52,3009.5,2507.95,501.55
Springfield,"IBPO Elks of the World, Capital City Lodge #1160",120802101,4,6760469.07,6131593.58,628875.49,2364876,1736000.35,628875.65,188664.99,157220.89,31444.1
Springfield,"Illinois Tap, Inc.",120702086,5,11512825.29,10512996.32,999828.97,3736314,2736424.03,999889.97,299969.43,249974.66,49994.77
Springfield,"J & J OPERATIONS, LLC",130700881,4,7782377.28,7138931.32,643445.96,2943725,2300279.04,643445.96,193036.12,160863.54,32172.58
Springfield,"J&M Family, Fun & Food, Inc.",120704057,5,44084074.33,40536630.25,3547444.08,14467860,10920415.33,3547444.67,1064236.77,886864.08,177372.69
Springfield,"J&M Family, Fun & Food, Inc.",130703604,5,30923336.04,28446657.88,2476678.16,10125529,7648807,2476722,743019.95,619183.45,123836.5
Springfield,JACKSON'S HANDLEBAR INC.,150703281,5,5404391.63,4992419.02,411972.61,1881917,1469944.24,411972.76,123593.62,102994.71,20598.91
Springfield,James Davison,170700300,4,1787289.5,1638343.97,148945.53,575015,426069.47,148945.53,44684.67,37237.23,7447.44
Springfield,"JARMAC of Illinois, LLC",130700892,2,124761.82,113110.26,11651.56,42719,31067.29,11651.71,3495.66,2913.08,582.58
Springfield,"JBMP Pizza, LLC",180702983,5,72829.75,65302.23,7527.52,26229,18701.48,7527.52,2258.39,1882,376.39
Springfield,"JCJ Beverages, Inc.",130704160,5,3360557.84,3045953.14,314604.7,1037287,722682.3,314604.7,94382.64,78652.26,15730.38
Springfield,"JCJ Beverages, Inc.",130705530,3,141093.95,128943.12,12150.83,48635,36484.17,12150.83,3645.34,3037.78,607.56
Springfield,Jin Zhi Chen,120707205,1,7413014.72,6828974.16,584040.56,2291338,1707297.34,584040.66,175213.49,146011.27,29202.22
Springfield,Joe's Italian Resturant Inc.,140700168,5,5909044.34,5389972.39,519071.95,2365068,1845996.05,519071.95,155723.53,129769.63,25953.9
Springfield,Joseph O. Jannazzo,120708998,5,17735740.16,16377949.76,1357790.4,5854525,4496734.6,1357790.4,407339.64,339449.81,67889.83
Springfield,KANA3 INC,120710600,5,9192692.72,8399103.18,793589.54,3030495,2236905.46,793589.54,238079.12,198399.38,39679.74
Springfield,Karen Bentley,120705284,5,7990968.79,7400092.32,590876.47,2127559,1536682.53,590876.47,177264.93,147720.85,29544.08
Springfield,"KEEFNER'S, INC.",150701722,4,2706079.44,2496541.98,209537.46,851212,641674.39,209537.61,62862.53,52385.49,10477.04
Springfield,"Kerby-Springfield, Inc.",120703892,3,2458572.37,2252328.92,206243.45,811691,605447.05,206243.95,61873.61,51561.37,10312.24
Springfield,KeRong Chen,150703093,5,3507934.56,3208647.34,299287.22,1366366,1067063.07,299302.93,89792.64,74827.22,14965.42
Springfield,Kevin Guinan,160700906,5,0,0,0,0,0,0,0,0,0
Springfield,KIKU JAPANESE STEAK & SEAFOOD HOUSE LTD.,150701011,4,234685.3,217035.87,17649.43,72845,55195.57,17649.43,5295.04,4412.53,882.51
Springfield,"KING OF CLUBS, INC.",180704586,2,1203779.54,1113350.81,90428.73,411551,321122.27,90428.73,27129.59,22608.06,4521.53
Springfield,KLA OF ILLINOIS INC.,160701630,5,1771963.29,1636588.36,135374.93,661257,525882.07,135374.93,40613.64,33844.74,6768.9
Springfield,"Knight's Action Park, Inc.",130705112,4,2808726.74,2565788.11,242938.63,1026638,783699.05,242938.95,72883.02,60735.89,12147.13
Springfield,L & O Inc.,120711584,5,6992441.25,6464344.52,528096.73,2051008,1522911.27,528096.73,158431.94,132026.72,26405.22
Springfield,"La Fiesta Mex, Inc.",140700210,2,914728.57,829737.71,84990.86,337416,252425.06,84990.94,25497.78,21248.15,4249.63
Springfield,"Lake Pointe Grill, Inc.",120706970,3,2936909,2665549.18,271359.82,1223643,952265.87,271377.13,81414.86,67845.76,13569.1
Springfield,LAKE PRESS CLUB,120705751,5,1723528.82,1609445.91,114082.91,596757,482674.09,114082.91,34226.22,28521.89,5704.33
Springfield,"LARJ, Inc.",120706968,5,17569214.41,16163556.49,1405657.92,6015256,4609598.08,1405657.92,421700.07,351416.88,70283.19
Springfield,Leah Schrenk,130700401,1,31013.46,28789.43,2224.03,9841,7616.97,2224.03,667.2,556,111.2
Springfield,Lloyd Staber Jr.,120702130,4,7673982.07,7094527.86,579454.21,2565406,1985951.79,579454.21,173838.67,144865.65,28973.02
Springfield,"Local 37, INC.",180701371,4,160120.93,143886.88,16234.05,63328,47093.95,16234.05,4870.35,4058.63,811.72
Springfield,"Lou's, Inc.",150701450,3,3469254.71,3198633.83,270620.88,1011790,741169.12,270620.88,81187.33,67656.08,13531.25
Springfield,LUCA PIZZA INC.,140701059,5,6968523.16,6431045.26,537477.9,2247953,1710474.95,537478.05,161245.77,134371.59,26874.18
Springfield,"Lucy's Place, LLC",120710166,5,44827297.75,41323555.94,3503741.81,13354613,9850871.19,3503741.81,1051126.38,875938.73,175187.65
Springfield,"Lucy's Place, LLC",120710238,5,37299508.41,34370785.89,2928722.52,11809718,8880995.38,2928722.62,878620.98,732184.28,146436.7
Springfield,"Lucy's Place, LLC",120711745,5,37963255.4,35045378.45,2917876.95,10897981,7980103.85,2917877.15,875366.14,729471.88,145894.26
Springfield,"Lucy's Place, LLC",130700286,5,30624460.3,28260812.62,2363647.68,9548414,7184765.97,2363648.03,709097.66,590914.78,118182.88
Springfield,"Lucy's Place, LLC",130700814,5,37613769.29,34614900.68,2998868.61,11836713,8837819.38,2998893.62,899671.38,749726.29,149945.09
Springfield,"Lucy's Place, LLC",130700815,5,44884865.44,41234907.41,3649958.03,14188461,10538474.18,3649986.82,1094999.87,912500,182499.87
Springfield,Mark888 Limited,140701227,2,5042.73,4659.68,383.05,3088,2704.95,383.05,114.91,95.74,19.17
Springfield,"Marly's Pub, L.L.C.",120708104,3,167408.47,154971.55,12436.92,57454,45016.95,12437.05,3731.2,3109.34,621.86
Springfield,MAX INC. OF ILLINOIS,120706048,5,29312439.86,27242286.17,2070153.69,8653932,6583778.31,2070153.69,621049.32,517541.24,103508.08
Springfield,Max Inc. of Illinois,140701171,5,7443983.03,6858822.6,585160.43,2852789,2267628.52,585160.48,175551.12,146292.69,29258.43
Springfield,"MCTAT, INC.",120706843,5,4918057.65,4534230.74,383826.91,1516592,1132764.84,383827.16,115150.87,95959.11,19191.76
Springfield,MELISSA ANN GOULD,130703189,5,4201482.62,3866051.91,335430.71,1341116,1005685.09,335430.91,100630.59,83858.85,16771.74
Springfield,"MELODY TIMES, INC.",150702470,5,6947030.8,6415626.09,531404.71,2487608,1956203.29,531404.71,159423.75,132853.17,26570.58
Springfield,Michael E. Gerula,120703765,5,5443796.77,5012969.43,430827.34,1667739,1236907.76,430831.24,129250.71,107708.98,21541.73
Springfield,"MillerTime Partners, LLC",130703520,5,577838.9,538373.95,39464.95,221852,182384.75,39467.25,11840.21,9866.85,1973.36
Springfield,Miss Kimmees LLC,140701648,5,37438125.49,34154112.06,3284013.43,11539149,8255028.12,3284120.88,985239.52,821033,164206.52
Springfield,MISS KIMMEES LLC,140702418,5,31186941.99,28519867.98,2667074.01,10150455,7483380.99,2667074.01,800125.09,666770.96,133354.13
Springfield,MISS KIMMEES LLC,150700968,5,20509316.47,18713579.16,1795737.31,6596087,4800348.71,1795738.29,538723.54,448936.33,89787.21
Springfield,MMC Entertainment LLC,150703676,5,0,0,0,0,0,0,0,0,0
Springfield,MS. D'S KITCHEN BAR & GRILL INC.,150703951,3,450735.51,418836.56,31898.95,192522,160622.8,31899.2,9570.23,7975.17,1595.06
Springfield,"MURAD RESTAURANT,LLC",180700138,5,18921083,17505999.9,1415083.1,6403481,4988353.8,1415127.2,424540.88,353784.16,70756.72
Springfield,Myerscough Casual Dining Inc. ,120709094,5,1107312.78,1022279.53,85033.25,336410,251376.75,85033.25,25510.36,21258.65,4251.71
Springfield,NAVY CLUB OF SANGAMON SHIP NO. 32 BUILDING CORPORATION,130705862,2,1504329.51,1384723.84,119605.67,494537,374931.33,119605.67,35882.44,29902.06,5980.38
Springfield,"Northend Holdings, Inc",120700341,5,11767081.99,10761368.43,1005713.56,3762587,2756870.54,1005716.46,301717.6,251431.44,50286.16
Springfield,PAM'S JAILHOUSE INC.,130700211,4,6133510.42,5642825.3,490685.12,2093530,1602844.88,490685.12,147207.42,122672.85,24534.57
Springfield,Parvenir Group LLC,170704285,4,239542.03,214004.26,25537.77,87195,61655.98,25539.02,7661.88,6384.92,1276.96
Springfield,PATTY CAKE CUSTOMS INC.,140703208,5,0,0,0,0,0,0,0,0,0
Springfield,Pinnacle Limited Partnership,120702132,5,8481027.72,7716545.6,764482.12,2660413,1895930.88,764482.12,229347.15,191122.73,38224.42
Springfield,"Pita Hut, Inc.",120712914,3,17918.64,16003.23,1915.41,8542,6626.59,1915.41,574.67,478.89,95.78
Springfield,Randhawa Spirits Inc.,170701927,5,3381774.11,3057330.04,324444.07,1285048,960596.7,324451.3,97335.87,81113.24,16222.63
Springfield,RFW Inc.,170702870,4,1520763.57,1388806.07,131957.5,481837,349879.3,131957.7,39588,32990.02,6597.98
Springfield,"RKR Clubs, LLC",120704798,4,6498532.39,5911122.18,587410.21,2034719,1447298.79,587420.21,176228.48,146857.16,29371.32
Springfield,"Road Ranger, L.L.C.",121006439,5,78353980.71,71950461.56,6403519.15,23150916,16747339.65,6403576.35,1921076.62,1600897.26,320179.36
Springfield,"Road Ranger, L.L.C.",121006440,5,60956848.28,56158517.59,4798330.69,17243540,12445198.17,4798341.83,1439505.55,1199587.98,239917.57
Springfield,Rodems Golf Management LLC,170702073,2,7332.36,6752.21,580.15,3264,2683.85,580.15,174.04,145.03,29.01
Springfield,ROUTE 66 MOTORHEAD BAR & GRILL LLC,170703417,5,2172910.97,1988705.57,184205.4,798404,614094.1,184309.9,55293.33,46077.79,9215.54
Springfield,RSP Entertainment Corp.,120706846,4,10359215.75,9555575.75,803640,3155276,2351636,803640,241093.94,200911.69,40182.25
Springfield,SAM'S ITALIAN PIZZA INC.,130702242,3,452657.91,416964.36,35693.55,147252,111557.2,35694.8,10708.83,8924.02,1784.81
Springfield,"SCANDALS, INC.",120708646,3,460013.66,423372.23,36641.43,168926,132284.57,36641.43,10992.55,9160.46,1832.09
Springfield,SKY LOUNGE LIMITED LIABILITY COMPANY,180701671,5,279967.07,262822.51,17144.56,116099,98954.44,17144.56,5143.35,4286.13,857.22
Springfield,"SOILL Restaurant Systems, LLC",140700384,5,34129762.55,31592356.97,2537405.58,10196354,7658948.42,2537405.58,761223.74,634353.19,126870.55
Springfield,"SOILL Restaurant Systems, LLC",140700592,5,26499554.27,24528023.19,1971531.08,7617222,5645690.92,1971531.08,591460.91,492884.24,98576.67
Springfield,"SOILL Restaurant Systems, LLC",140700608,5,31906631.31,29343517.58,2563113.73,9459378,6896258.67,2563119.33,768938.29,640782.05,128156.24
Springfield,"SOILL Restaurant Systems, LLC",140700714,5,34518711.81,31915502.79,2603209.02,10047483,7444264.33,2603218.67,780967.85,650806.58,130161.27
Springfield,"South Side Columbian Home Association, Inc.",130701823,4,1198851.29,1115115.62,83735.67,457697,373961.33,83735.67,25121.32,20934.46,4186.86
Springfield,"Spammy's, Inc.",120706742,5,6685687.16,6065600.35,620086.81,2019619,1399531.65,620087.35,186028.83,155024.15,31004.68
Springfield,"Springfield Char House, Inc.",150703869,5,4088886.54,3772886.5,316000.04,1297035,981034.71,316000.29,94802.2,79001.91,15800.29
Springfield,Springfield Columbus Home Association,120702082,5,14517719.48,13323625.67,1194093.81,4895094,3700919.63,1194174.37,358254.61,298545.62,59708.99
Springfield,"SPRINGFIELD GAS AND WASH I, LLC",151003550,5,26180173.36,24067264.55,2112908.81,8472942,6360032.29,2112909.71,633874.42,528228.74,105645.68
Springfield,Springfield Lodge No. 158 of the Benevolent and Protective Order of Elks ,120811750,5,13180966.49,12184531.44,996435.05,4164553,3167825.59,996727.41,299021.03,249184.3,49836.73
Springfield,"Springfield Post No. 32, The American Legion, Department of Illinois",120912720,5,25564633.87,23384443.21,2180190.66,7107035,4926814.24,2180220.76,654069.36,545057.9,109011.46
Springfield,STANKS INC.,130702114,5,4765770.54,4390676.16,375094.38,1559452,1184357.62,375094.38,112530.44,93775.45,18754.99
Springfield,"Starship Partners, Inc.",120706045,5,25735983.94,23654499.16,2081484.78,8097855,6016370.18,2081484.82,624448.32,520373.61,104074.71
Springfield,"Stella Blue, LLC",120706971,3,831340.19,747243.16,84097.03,285384,201286.97,84097.03,25229.51,21024.63,4204.88
Springfield,"Stugots, Inc.",140700269,2,16486.69,14980.74,1505.95,5499,3993.05,1505.95,451.84,376.54,75.3
Springfield,T AND M 217 INC.,160701689,5,0,0,0,0,0,0,0,0,0
Springfield,Tai Pan Chinese Restaurant Inc.,180704605,3,198638.77,183709.22,14929.55,67172,52242.45,14929.55,4478.98,3732.48,746.5
Springfield,TCA Food Service LLC,150704450,5,3820578.83,3552594.01,267984.82,1283442,1015457.18,267984.82,80396.72,66997.34,13399.38
Springfield,"Thai Kitchen II, Inc.",130704953,3,1187221.04,1091945.56,95275.48,475180,379904.52,95275.48,28583.35,23819.49,4763.86
Springfield,The Arena Incorporated,170700937,5,5012694.19,4674382.58,338311.61,1662778,1324466.39,338311.61,101494.32,84578.62,16915.7
Springfield,"The Bleachers Grill, LLC",120712827,5,12505.86,11567.62,938.24,4175,3236.76,938.24,281.47,234.56,46.91
Springfield,"The Burger Bar, Inc.",120710461,5,27213509.92,25219751.11,1993758.81,8983519,6989760.08,1993758.92,598130.12,498441.86,99688.26
Springfield,"The Corkscrew Wine Emporium, LTD.",130702720,3,884634.82,805191.5,79443.32,257261,177817.68,79443.32,23833.43,19861.22,3972.21
Springfield,THE KEG INCORPORATED,130701779,5,4427586.12,4028986.17,398599.95,1470682,1072082.05,398599.95,119582.28,99651.96,19930.32
Springfield,"The Office Sports Bar & Grill, Inc.",120705591,5,15981183.5,14772581.56,1208601.94,4854090,3645487.6,1208602.4,362583.33,302152.91,60430.42
Springfield,"The Other Wright, Inc.",120702100,5,9653964.44,8770261.64,883702.8,3061544,2177841.11,883702.89,265113.78,220928.23,44185.55
Springfield,Thomas Endres ,120708996,5,8108779.13,7466767.2,642011.93,2506766,1864734.87,642031.13,192611.86,160509.95,32101.91
Springfield,TIN CAN INC.,120709646,3,139218.36,123568.86,15649.5,45850,30200.5,15649.5,4694.85,3912.39,782.46
Springfield,"Veterans of Foreign Wars of the United States, La Fore Lock Post No. 755",120902142,5,24031073.01,22096719.81,1934353.2,6562953,4628599.8,1934353.2,580308.52,483590.55,96717.97
Springfield,WAL-PAR CORPORATION,130700384,4,1656640.47,1496862.44,159778.03,520257,360478.77,159778.23,47934.31,39945.27,7989.04
Springfield,WASABI JAPANESE KITCHEN LLC,140703285,5,7111686.84,6563544.19,548142.65,2308678,1760535.35,548142.65,164443.94,137036.68,27407.26
Springfield,"Westwoods Lodge of Sangamon County, Inc.",120709066,5,18596614.63,17160919.45,1435695.18,5633212,4197516.45,1435695.55,430712.09,358926.81,71785.28
Springfield,Wet Bar LLC,160700903,5,98677.88,89980.21,8697.67,42961,34263.33,8697.67,2609.38,2174.48,434.9
Springfield,"WILFREE, INCORPORATED",120708005,3,776185.19,711279.71,64905.48,252221,187315.52,64905.48,19471.9,16226.62,3245.28
Springfield,"WINGS OVER LINCOLN LAND, INC.",130701889,5,9985173.31,9210417.41,774755.9,3220342,2445585.07,774756.93,232429.8,193691.55,38738.25
Springfield,Y & J Enterprises Inc.,140701363,3,1018107.66,931370.3,86737.36,367636,280898.64,86737.36,26021.49,21684.55,4336.94
